350353.394956896,578924.252858319,2015-12-31
355691.341195498,586715.567123158,2016-01-01
353206.944624933,584361.596673108,2016-01-01
352692.117119164,567851.425944794,2016-01-01
357290.640105731,571106.074148158,2016-01-01
360956.494375754,559672.16056253,2016-01-01
360769.343485918,572567.597770103,2016-01-01
354462.11096752,585095.872335704,2016-01-01
350091.265993274,569754.061883895,2016-01-01
345935.30400639,585511.95809562,2016-01-01
348368.502600572,591855.077158902,2016-01-01
357318.397623756,557104.244659983,2016-01-01
355690.161264257,586760.321979334,2016-01-02
355116.508888334,576109.984379462,2016-01-02
360454.775887376,557921.39006817,2016-01-02
348836.10673274,567580.79629484,2016-01-02
364125.499526232,563732.065444813,2016-01-02
352842.702288159,569681.136308382,2016-01-02
364107.182743108,558916.794011207,2016-01-02
357681.065973001,574045.268357584,2016-01-02
351136.982745587,583443.811739189,2016-01-02
350721.835791834,583762.402618692,2016-01-02
347893.933597349,579083.678422608,2016-01-02
349962.015570115,574693.578713243,2016-01-02
356864.85195108,584607.615975467,2016-01-02
351364.99918158,587970.129687856,2016-01-02
350631.644902775,583380.7717675,2016-01-02
366206.920908571,561149.503094673,2016-01-02
348918.054721131,579291.570714977,2016-01-02
351810.58527954,579066.547571574,2016-01-02
356191.497002974,586770.155625156,2016-01-02
344439.005541478,586661.61850837,2016-01-02
358513.200517678,564467.837588891,2016-01-02
356846.554606638,574442.77358552,2016-01-02
344534.43512843,586808.500936822,2016-01-02
356630.398957493,586165.379945738,2016-01-02
355589.87900632,586743.319531729,2016-01-02
350226.883378425,581466.634964915,2016-01-03
348165.793614878,584047.980143602,2016-01-03
349140.538295537,587405.34609089,2016-01-03
351201.609598721,577360.92742569,2016-01-03
351936.838812256,567125.480742121,2016-01-03
354239.569247473,574002.614394111,2016-01-03
351295.783165184,580942.98566621,2016-01-03
347223.388363083,590040.048742251,2016-01-03
355058.604603107,566488.394205882,2016-01-03
355587.993755773,564184.051528941,2016-01-03
355254.854893106,585723.130529934,2016-01-03
350564.319047713,564209.996467551,2016-01-03
348483.131747469,581214.512520779,2016-01-03
364758.858867376,565153.318611766,2016-01-03
347102.041138954,584626.774216398,2016-01-03
360422.734940181,562361.962182561,2016-01-03
344338.156907204,586664.987257403,2016-01-03
351690.230121699,568332.165476089,2016-01-04
351012.062986757,576907.718191123,2016-01-04
347322.153963552,579025.76415543,2016-01-04
362927.310947998,567146.111863735,2016-01-04
355467.326570508,573637.175881697,2016-01-04
350886.132868187,588643.137232473,2016-01-04
355490.171406206,588520.887544193,2016-01-04
353919.218508301,578389.641762041,2016-01-04
355311.258061414,591204.016067574,2016-01-04
351864.274629314,571691.39169373,2016-01-04
347119.708516373,585089.73947805,2016-01-04
352897.215243294,571309.98924012,2016-01-04
359660.731910637,580366.589376185,2016-01-04
354146.590416311,566879.739779784,2016-01-04
354699.188889806,561222.33749286,2016-01-04
350655.998389663,588459.327093988,2016-01-04
364314.175985564,564361.446887651,2016-01-04
355753.78281787,584685.013568425,2016-01-04
342706.237902742,589371.869401276,2016-01-04
349800.721307139,576702.551686271,2016-01-04
351249.44345932,586635.048781059,2016-01-04
354653.469704333,569978.996598333,2016-01-04
364718.645941116,564339.212421554,2016-01-04
350200.340837948,576930.501568842,2016-01-04
356191.51632498,586767.712076864,2016-01-04
355002.776897163,557597.378415274,2016-01-04
351200.402470628,563453.786844585,2016-01-04
348043.928854065,591405.235148547,2016-01-04
359247.77230146,568461.681343541,2016-01-04
356878.81311106,566371.016139699,2016-01-04
359668.944796183,567812.175029864,2016-01-04
363375.090431349,565708.413507086,2016-01-04
359668.722903567,567818.837674952,2016-01-04
363998.361957973,564962.534360864,2016-01-04
351236.384432235,589238.359105496,2016-01-04
345668.602157071,589818.722127055,2016-01-04
352794.511455206,571331.66607765,2016-01-04
347243.492158779,587977.178251214,2016-01-04
356231.170389887,589257.940172497,2016-01-04
350282.932618245,577557.874822115,2016-01-04
358757.367974259,560569.816579161,2016-01-04
350164.685893007,574657.013924574,2016-01-05
357262.560529478,565241.457599823,2016-01-05
349450.572892938,567356.433495124,2016-01-05
359305.982323454,579522.884142087,2016-01-05
350808.467126201,587842.388459062,2016-01-05
352851.239797335,565635.58567622,2016-01-05
353092.008964386,578583.809164105,2016-01-05
352500.109297064,567472.031982152,2016-01-05
365539.791987777,563798.524677367,2016-01-05
359436.388374183,568543.332421552,2016-01-05
350512.742765096,583979.955203937,2016-01-05
347601.968923418,581906.11178105,2016-01-05
353353.21560472,564520.920538853,2016-01-05
355153.092144065,570374.594689398,2016-01-05
349833.090693507,582955.602579376,2016-01-05
353119.421348709,591702.669344294,2016-01-05
351207.381707098,578140.600220317,2016-01-05
360091.156894216,571100.987649171,2016-01-05
356878.498292975,566379.233104927,2016-01-05
346109.622342121,588132.008253028,2016-01-05
352244.65893323,590678.59730118,2016-01-05
350507.622661724,569455.985876937,2016-01-05
359215.773892521,576303.57776446,2016-01-06
348471.840051077,578849.889097666,2016-01-06
351045.837625897,568313.206059988,2016-01-06
354162.475691968,580842.923244191,2016-01-06
351177.864409374,563860.148915523,2016-01-06
351770.659466072,571687.046880629,2016-01-06
356868.160601464,585666.430501498,2016-01-06
355215.860601883,571790.721325832,2016-01-06
345399.098156271,588142.315483135,2016-01-06
351027.872073451,590847.467452111,2016-01-06
347324.837106452,585646.364924656,2016-01-06
352755.522541268,568159.56603061,2016-01-06
363768.550154274,566119.225165501,2016-01-06
357647.223841648,566180.567201591,2016-01-06
359252.964111098,568286.670291899,2016-01-06
359855.5651401,571288.726311623,2016-01-06
351089.464544017,568618.079231755,2016-01-06
353468.766238786,587068.270778256,2016-01-06
356459.143798986,566936.72221537,2016-01-06
347462.901804941,589817.828635528,2016-01-06
350604.500863062,585725.937102207,2016-01-06
359527.548508528,558152.440706827,2016-01-06
350586.273610333,580963.678229377,2016-01-06
351153.134837292,586444.637161919,2016-01-06
355828.770157774,570460.594717665,2016-01-06
355355.118852247,570376.379579255,2016-01-06
342694.600571714,586149.536246541,2016-01-06
360888.473293185,567479.01318798,2016-01-06
352041.07403533,576318.464481522,2016-01-06
366610.505953296,561010.178483151,2016-01-06
350774.029505872,587754.058901507,2016-01-07
357562.235906765,574709.428831577,2016-01-07
352365.359326062,586659.845414394,2016-01-07
358859.104258413,560525.000389585,2016-01-07
341276.708865115,586976.434848066,2016-01-07
350571.029188807,587748.834322295,2016-01-07
356229.614774658,585525.947937735,2016-01-07
360197.544487611,570901.947418315,2016-01-07
344144.002498358,586458.624275868,2016-01-07
359379.440084411,563594.931768438,2016-01-07
356248.201421436,570990.933798566,2016-01-07
357251.63046808,576638.868002967,2016-01-07
358403.427740307,558994.904390249,2016-01-07
355263.986962586,591921.544348225,2016-01-07
356089.127799237,590177.207514061,2016-01-07
359896.640826069,568152.858038659,2016-01-07
357341.549026672,582321.257163665,2016-01-07
360364.271264537,568076.151167087,2016-01-07
358599.47513079,580669.236251129,2016-01-07
360886.970338125,554220.198951445,2016-01-07
360969.61118771,570014.003254649,2016-01-07
362376.823056658,564890.011480303,2016-01-07
353750.682088237,573378.675446259,2016-01-07
364094.651132245,565142.117189164,2016-01-07
348417.562724901,581619.043448623,2016-01-07
352073.938650913,577071.344907322,2016-01-07
351214.996068195,569672.615198741,2016-01-07
358701.573415284,555692.367792254,2016-01-07
352572.355437789,589859.269598433,2016-01-07
345676.782450699,585709.448898585,2016-01-07
350461.262768031,571053.10887538,2016-01-07
352550.393724626,569260.900455017,2016-01-07
350806.003849618,584405.130395719,2016-01-07
351830.403687573,578361.922495865,2016-01-07
351008.70775799,591496.017825416,2016-01-07
349976.293842357,585102.580279223,2016-01-07
363994.707122496,559524.03434831,2016-01-07
360989.370219222,567493.64650049,2016-01-07
364529.336029368,563747.024282636,2016-01-07
347362.346976723,582752.89859701,2016-01-07
355505.064970319,593991.147546466,2016-01-08
355114.361618481,564474.843248018,2016-01-08
351654.881689669,567218.405436122,2016-01-08
350246.666560526,586194.02617416,2016-01-08
352237.613363869,577963.472175566,2016-01-08
362462.457612817,569634.245702663,2016-01-08
348472.12573298,583037.281524492,2016-01-08
361266.739790621,561041.905902049,2016-01-08
349263.687357327,584936.770104462,2016-01-08
359604.088368812,570244.735114483,2016-01-08
350062.910809281,588052.693524974,2016-01-08
349698.627038702,576720.832832759,2016-01-08
350423.490596707,576255.41366221,2016-01-08
354767.19560225,573388.181419394,2016-01-08
358272.087296757,574646.32530081,2016-01-08
353641.867753093,570136.273602959,2016-01-08
351563.40374614,587773.851307167,2016-01-08
359216.346956586,566514.28032223,2016-01-08
351615.889335922,587168.200522227,2016-01-08
350361.599349714,589234.766625078,2016-01-08
358278.789618943,555051.921988518,2016-01-08
350768.523383146,587956.066958351,2016-01-08
358905.787103502,568932.589076335,2016-01-08
358484.844510474,581540.35896796,2016-01-08
364208.360772808,564575.428297232,2016-01-08
359682.102993066,557407.757926101,2016-01-08
346472.030071589,586235.765989183,2016-01-08
360311.223466149,562492.422936031,2016-01-08
356934.892163171,564329.149516109,2016-01-08
356605.098014467,568991.414207446,2016-01-08
364124.272176381,565771.849608582,2016-01-08
347568.722941617,582833.027101808,2016-01-08
364213.60371428,564334.107779615,2016-01-08
350453.976066968,576007.601212387,2016-01-08
364708.220337992,562915.793637249,2016-01-08
352330.587532342,566050.723945834,2016-01-08
348319.740142683,586379.711699074,2016-01-08
353541.009602681,566457.323177408,2016-01-08
355844.939275862,586247.360362534,2016-01-08
355796.528286377,586540.890278724,2016-01-08
359269.982867136,572516.447527148,2016-01-08
358480.899885077,581555.877343837,2016-01-08
359659.816375281,560775.207073969,2016-01-09
357469.816640215,581736.361556505,2016-01-09
358433.048610974,580864.918851924,2016-01-09
353005.128142849,567504.637198354,2016-01-09
354242.939565907,571033.291431468,2016-01-09
350795.321506718,586236.691548595,2016-01-09
357121.451873183,582896.753411452,2016-01-09
355996.788494845,574563.122775639,2016-01-09
357574.999708001,567600.624347419,2016-01-09
350402.426281364,587826.611121993,2016-01-09
353505.332701777,571365.169492802,2016-01-09
353675.10827675,572502.730858141,2016-01-09
355092.677287593,568940.16318261,2016-01-09
346509.534098852,582287.759263174,2016-01-09
358332.095142771,567448.480263136,2016-01-09
347500.133100977,581860.446320119,2016-01-09
356478.342509199,555855.684681855,2016-01-09
351069.007144227,583402.336601004,2016-01-09
351712.736979869,568231.80732655,2016-01-09
360828.487302712,564334.414906594,2016-01-09
356446.919810881,586265.111841387,2016-01-09
346291.929591476,567901.194227402,2016-01-09
359663.816643037,560624.624459772,2016-01-09
348230.087316871,583948.892828826,2016-01-09
353974.085447211,587314.794045438,2016-01-09
356689.55799698,562337.323580433,2016-01-09
367218.875737937,559296.29419107,2016-01-10
355238.128772821,570985.160298885,2016-01-10
358553.71308207,567301.896200999,2016-01-10
349358.78927666,585144.029613796,2016-01-10
354543.797909986,570507.203656034,2016-01-10
351192.50336312,563860.364670488,2016-01-10
354569.02598389,587330.668357546,2016-01-10
346902.425464899,588743.669908526,2016-01-10
356269.583735875,570196.586470368,2016-01-10
351615.889335922,587168.200522227,2016-01-10
356435.385003355,557219.422459504,2016-01-10
352836.586002581,569890.020184855,2016-01-10
355601.085925573,565132.607705628,2016-01-10
356364.623308224,587597.054263194,2016-01-10
354069.786951102,576389.876121624,2016-01-10
345201.929411355,588837.608665115,2016-01-10
357574.999708001,567600.624347419,2016-01-10
359904.635415666,554218.599853851,2016-01-10
358793.258559161,559329.533218762,2016-01-10
350569.779223394,570843.726241114,2016-01-10
358577.166001641,556475.967800658,2016-01-10
350579.833393982,574255.970501535,2016-01-10
356604.255612199,574129.169861437,2016-01-10
356978.5462512,586524.721034765,2016-01-10
347626.317850299,580846.29369201,2016-01-10
357573.177011053,574279.988036778,2016-01-10
350084.541892232,587206.892097892,2016-01-11
364839.911306042,563367.508014746,2016-01-11
359892.430520895,572659.37698694,2016-01-11
347735.446623914,578146.152012612,2016-01-11
347735.446623914,578146.152012612,2016-01-11
358210.861034096,581294.410250682,2016-01-11
358210.861034096,581294.410250682,2016-01-11
343871.464699914,585461.267923004,2016-01-11
362198.56166744,566995.892785716,2016-01-11
359597.654954416,559343.284795965,2016-01-11
358275.740102401,556493.950462345,2016-01-11
357071.809244773,565236.268031726,2016-01-11
363984.695605629,565542.005664209,2016-01-11
350354.574999174,586225.779976218,2016-01-11
357666.710964099,559938.28041053,2016-01-11
356057.121531518,564398.971990789,2016-01-11
350581.092562865,581132.253027067,2016-01-11
351418.00740648,564070.130026074,2016-01-11
361371.03082651,566735.268868431,2016-01-11
346892.025877161,590543.912557874,2016-01-11
360057.910418569,568293.38833839,2016-01-11
352447.325023184,569566.261105885,2016-01-11
347512.934400562,585954.741853384,2016-01-11
353405.637142607,571306.664784889,2016-01-11
359181.276189804,566039.36852398,2016-01-11
360498.050651389,564732.482291459,2016-01-11
351790.519353964,585447.903174627,2016-01-11
347220.309901812,585127.28372295,2016-01-11
353271.537672628,568874.040103059,2016-01-12
349920.273921908,583382.630893094,2016-01-12
363610.704462597,566961.107997537,2016-01-12
352601.553024692,567470.778295818,2016-01-12
350356.09663759,589449.660143991,2016-01-12
359695.48604934,566823.941322898,2016-01-12
348907.412490458,586595.774414838,2016-01-12
350997.388772279,577937.272007019,2016-01-12
363610.704462597,566961.107997537,2016-01-12
364619.571246739,565702.663167209,2016-01-12
348563.235573933,582329.468790704,2016-01-12
356788.892826233,565965.992810068,2016-01-12
355879.743770554,570563.292794179,2016-01-12
344931.304354627,569067.647222338,2016-01-12
350782.840854761,574255.968684553,2016-01-12
360751.612227012,554131.193699208,2016-01-12
353839.97430952,566664.275300858,2016-01-12
350082.663569129,577465.161754063,2016-01-12
345274.745859776,585657.00452462,2016-01-12
350356.09663759,589449.660143991,2016-01-12
355965.927300785,566528.981037981,2016-01-12
358877.987440247,577566.717327965,2016-01-12
346203.533220052,585341.530747645,2016-01-12
350389.959520175,563148.364928574,2016-01-12
362406.69572896,566490.201884767,2016-01-12
352114.19394906,568242.831336372,2016-01-12
351743.578286602,563173.125882192,2016-01-12
355546.557156094,560237.868512094,2016-01-12
355594.448948158,592933.826647129,2016-01-12
355851.085067466,588840.620826448,2016-01-12
354613.827804818,586010.530699088,2016-01-12
352846.368654959,568162.347476619,2016-01-12
355329.82439056,567513.475103763,2016-01-12
348875.971690073,586019.077019533,2016-01-12
358951.471984474,569440.68955882,2016-01-12
361711.747949311,566933.693608251,2016-01-12
355119.263206992,593420.861110205,2016-01-13
350893.458120109,573863.333931196,2016-01-13
359792.167794088,568149.206511349,2016-01-13
352438.803618388,573136.659377154,2016-01-13
358140.741753616,554470.450195959,2016-01-13
354988.157709935,586707.98071507,2016-01-13
354856.489969939,587233.134824782,2016-01-13
357007.461367936,565347.828441154,2016-01-13
350657.536740798,586033.994581635,2016-01-13
352052.944274669,568879.277659235,2016-01-13
348897.960135755,580308.095000269,2016-01-13
351549.99130986,586822.830718987,2016-01-13
351594.798926209,563973.769911093,2016-01-13
355519.438482376,593657.691691976,2016-01-13
349031.468736149,585993.48988642,2016-01-13
352045.281740863,576174.320673631,2016-01-13
358140.689251654,572004.655568743,2016-01-13
364042.535147275,565221.958327911,2016-01-13
347709.25508909,586060.911679526,2016-01-13
357629.569040797,566771.894681852,2016-01-13
352227.276016788,569900.645825641,2016-01-13
350440.810849638,582964.105981869,2016-01-13
352237.613363869,577963.472175566,2016-01-13
352583.269420015,593440.702199466,2016-01-13
345102.558225139,585033.67164314,2016-01-13
358498.274796275,574776.58023557,2016-01-13
357877.087863138,559664.181985164,2016-01-13
356532.5700024,561017.20202938,2016-01-13
342613.60377431,591713.100621625,2016-01-13
347803.981827539,582058.526890406,2016-01-13
351550.006618961,586820.720384068,2016-01-13
363358.013842334,562112.086157737,2016-01-13
355896.781478341,567428.137570841,2016-01-13
353773.517152006,572542.014235729,2016-01-13
347512.934400562,585954.741853384,2016-01-13
351420.4963282,580163.583715624,2016-01-13
345008.088256167,567433.938631068,2016-01-13
345507.030072699,587935.962569921,2016-01-13
350674.643491473,574496.673541497,2016-01-13
351420.4963282,580163.583715624,2016-01-13
350052.513923388,567584.765969951,2016-01-13
360670.29228396,564450.144757002,2016-01-13
358723.519935155,579374.102609218,2016-01-14
347410.480741571,582489.195413148,2016-01-14
354056.685222769,578970.607594579,2016-01-14
359721.090361269,568148.612322511,2016-01-14
362106.177759888,562654.939540337,2016-01-14
346610.695594009,581042.615097075,2016-01-14
353437.958736431,572150.957327541,2016-01-14
355476.48906001,592974.335167109,2016-01-14
355009.792471374,594215.775621328,2016-01-14
351513.751930182,587772.602477217,2016-01-14
351080.656009332,587356.605193105,2016-01-14
361243.590188785,567177.810948025,2016-01-14
355657.824544806,566723.065850921,2016-01-14
353768.957779908,572761.24030831,2016-01-14
355476.48906001,592974.335167109,2016-01-14
353142.864321003,584234.490815709,2016-01-14
350994.369715081,573900.486586758,2016-01-14
364211.109483056,564454.491479526,2016-01-14
346010.257490093,589431.942545175,2016-01-14
358978.323747882,555570.124540761,2016-01-14
346999.942922147,581474.253225643,2016-01-14
362284.765861219,564916.534085314,2016-01-14
351089.16620655,568415.591463618,2016-01-14
355058.246361886,570139.607736355,2016-01-14
346913.063826567,581058.818694041,2016-01-14
361090.862195065,567477.518467259,2016-01-14
357028.81449371,561058.01128863,2016-01-14
356248.506491807,557616.814624418,2016-01-14
353661.100851547,571425.873962582,2016-01-14
353581.816647403,586645.476090757,2016-01-14
356369.555268955,566529.818453015,2016-01-14
351538.702192549,587773.22775097,2016-01-14
359388.254038755,568263.245513198,2016-01-14
352601.000869266,567489.323417211,2016-01-14
358730.52796076,577869.294686692,2016-01-14
360405.414685816,564729.700372891,2016-01-14
356064.738146614,590987.99504162,2016-01-14
359049.934808102,568328.420405322,2016-01-14
350034.259404522,584903.274381526,2016-01-14
355823.019080616,586145.330444578,2016-01-14
352132.216969802,569680.915090771,2016-01-14
360434.626712803,560468.91654039,2016-01-14
357807.236212275,555493.064001483,2016-01-14
354492.592852858,575992.114468377,2016-01-14
359047.523140099,568328.511556958,2016-01-14
353016.408329209,567093.417400426,2016-01-14
350065.936844532,570664.125957945,2016-01-14
351141.582845108,566596.264056206,2016-01-14
350105.569937532,576710.463675876,2016-01-14
353312.682392953,581839.965942545,2016-01-14
348897.960135755,580308.095000269,2016-01-14
364125.15744334,563742.392408774,2016-01-14
365688.777644868,553886.98406911,2016-01-14
360665.102595373,564630.597092444,2016-01-14
359672.924965977,567664.034282231,2016-01-15
362247.010328101,566282.654207385,2016-01-15
359646.76941608,571383.837159021,2016-01-15
351214.443232775,587843.970809815,2016-01-15
355004.616805784,586091.964346759,2016-01-15
356788.959229069,565968.103739575,2016-01-15
351434.818884717,576281.298179306,2016-01-15
355584.087752227,586953.654389855,2016-01-15
355382.867749472,581540.095407952,2016-01-15
358428.154328969,559096.626637862,2016-01-15
355357.861439959,580978.300027041,2016-01-15
355357.861439959,580978.300027041,2016-01-15
353469.675017618,578191.872582642,2016-01-15
357325.087494779,584065.36673921,2016-01-15
364752.728704785,562410.135669175,2016-01-15
353507.417601854,571286.544814725,2016-01-15
353507.417601854,571286.544814725,2016-01-15
358967.940256909,560123.254077782,2016-01-15
352601.840239701,567454.341611821,2016-01-15
365436.70232296,563891.440743046,2016-01-15
364205.044917044,559078.728184644,2016-01-15
346479.382681696,592330.627864504,2016-01-15
365592.186819445,553490.121361852,2016-01-15
346907.0046177,582292.922817554,2016-01-15
363947.151793608,562734.123354456,2016-01-15
359755.577907222,560968.162683562,2016-01-15
355249.69930655,570552.948879257,2016-01-15
350994.369715081,573900.486586758,2016-01-15
357075.135846585,565236.294568214,2016-01-15
356365.869167807,570380.951635672,2016-01-15
352555.551076046,569079.555779297,2016-01-16
347000.519213997,592993.520009263,2016-01-16
360773.55618491,560740.13790631,2016-01-16
357321.683716833,568603.700476851,2016-01-16
350612.101504573,576731.2583758,2016-01-16
348561.418966978,580333.338324585,2016-01-16
353580.573781611,586678.345393356,2016-01-16
348819.327551211,583349.998482398,2016-01-16
358345.823911083,557501.060486211,2016-01-16
352094.41842346,577927.213239984,2016-01-16
348483.412032337,581112.437099019,2016-01-16
356873.048023039,564219.139286756,2016-01-16
359657.406818738,568248.270210066,2016-01-16
355477.697683212,565942.818750548,2016-01-16
355769.103413167,574522.351819145,2016-01-16
359863.490393561,573880.747793777,2016-01-16
355453.320173963,569438.5647986,2016-01-16
359905.552871793,553149.978802292,2016-01-16
358426.655591328,577920.557783831,2016-01-16
356568.233291136,578584.125812981,2016-01-16
358340.999366835,580127.280366857,2016-01-16
348324.311993293,585365.626698971,2016-01-16
357624.38277636,566961.45654709,2016-01-16
345167.455477281,585849.591464676,2016-01-16
342474.876714084,591301.625106243,2016-01-16
348086.52961506,579363.438243223,2016-01-16
360341.362055918,561621.07814321,2016-01-16
361090.253847233,567500.061557804,2016-01-16
354126.794554696,567693.313053538,2016-01-16
351740.837037054,567220.804080019,2016-01-16
360914.993617091,568181.901576071,2016-01-16
350965.718825162,589427.684780281,2016-01-17
354789.135270938,568967.930551898,2016-01-17
360887.561305595,567507.996062538,2016-01-17
355084.786587582,592014.566979779,2016-01-17
347864.385933964,584179.346086727,2016-01-17
345061.998519405,589674.891282249,2016-01-17
356648.747206695,563740.966514349,2016-01-17
355568.801634795,569969.507736298,2016-01-17
353505.332701777,571365.169492802,2016-01-17
362246.101539755,566320.189800582,2016-01-17
352401.655797068,585369.296691927,2016-01-17
360565.389114311,571536.523388917,2016-01-17
352651.282396025,569286.412469901,2016-01-17
346924.33712761,585839.534817907,2016-01-17
347727.183816163,591855.065942533,2016-01-17
346308.318589925,589037.230484282,2016-01-17
363489.928980582,565063.415698036,2016-01-17
359710.412793611,558957.354433976,2016-01-17
364094.097587181,565166.771061793,2016-01-18
344136.967684499,586656.737164582,2016-01-18
355577.978895426,588063.046523211,2016-01-18
347382.764306944,585241.882973483,2016-01-18
364904.528499155,565351.465369277,2016-01-18
357631.727539264,572429.612228618,2016-01-18
351271.424447294,568723.790720933,2016-01-18
353716.224469075,567474.734246511,2016-01-18
359075.548816134,569835.697719354,2016-01-18
353562.651033634,571423.135479349,2016-01-18
355892.494286714,561896.541163256,2016-01-18
355803.772084317,568787.511111425,2016-01-18
348227.981886306,567289.991655983,2016-01-18
351011.456923501,569658.941045398,2016-01-18
350378.059935613,566798.994221698,2016-01-18
362439.049181367,566337.200039949,2016-01-18
356666.128404149,584522.832909667,2016-01-18
344136.935818349,586648.517465963,2016-01-18
347778.996496317,589512.158205856,2016-01-19
356264.664613407,570377.93226184,2016-01-19
353201.149917667,571348.790402861,2016-01-19
358403.419749574,566177.482684385,2016-01-19
364793.274745114,562315.421747526,2016-01-19
358298.332356255,566337.46094046,2016-01-19
356286.614606771,586946.966012614,2016-01-19
357619.241064349,565184.119126018,2016-01-19
359792.167794088,568149.206511349,2016-01-19
356420.726355676,586159.269360811,2016-01-19
361216.137063525,570469.411969128,2016-01-19
347845.79499656,587889.016981074,2016-01-19
359896.640826069,568152.858038659,2016-01-19
354963.800494341,584109.2628795,2016-01-19
364094.974259403,565133.900473529,2016-01-19
353500.45484338,571539.296806294,2016-01-19
365271.504995418,563789.408675008,2016-01-19
355726.371096559,589500.55292975,2016-01-19
353099.32814962,571352.364411292,2016-01-19
344462.469415979,591401.216926919,2016-01-19
344303.356442144,589412.422944607,2016-01-19
349950.455058219,585203.47732741,2016-01-19
351886.783642595,581902.737654976,2016-01-19
362314.341752719,565178.373801461,2016-01-19
362524.658614307,566912.986265442,2016-01-19
351870.658217772,571521.828833358,2016-01-19
361427.351667771,554140.275382383,2016-01-19
360104.513286731,559371.619881741,2016-01-19
360886.996048856,554246.634520773,2016-01-19
342946.112311425,585777.954087404,2016-01-19
346589.363715816,579610.068193316,2016-01-19
352729.882376848,570079.278468744,2016-01-19
345606.39746124,589193.302322602,2016-01-19
352923.471969291,591511.596079312,2016-01-19
353637.596975037,571324.620113107,2016-01-19
345430.221282095,589639.805642353,2016-01-19
357579.311152743,559483.178364007,2016-01-19
354901.317138747,568550.931928006,2016-01-19
360070.979028231,562992.680966075,2016-01-19
349917.510109964,580949.62741556,2016-01-19
348324.311993293,585365.626698971,2016-01-19
353929.269129727,567106.797293761,2016-01-19
355709.002434561,592863.080021407,2016-01-20
356541.106197865,585860.650529889,2016-01-20
359787.884985628,570836.415034363,2016-01-20
350045.850157405,567824.080247018,2016-01-20
356893.487895909,587288.586303728,2016-01-20
344331.459046771,586848.107147636,2016-01-20
357995.021660385,555866.449172068,2016-01-20
347565.063634681,579468.678162352,2016-01-20
363576.853204271,560311.612179137,2016-01-20
364199.56882693,566259.482158319,2016-01-20
363142.474399203,566735.028678534,2016-01-20
361790.388826022,567292.146751418,2016-01-20
355829.375767849,585536.567017255,2016-01-20
363610.687666548,566962.996139903,2016-01-20
346333.648570358,585826.107580025,2016-01-20
349279.212546939,591506.455249774,2016-01-20
345364.358216834,585935.261957799,2016-01-20
360791.877779381,567290.91840976,2016-01-20
348134.434161485,590180.569498523,2016-01-20
358098.372043647,566179.66348348,2016-01-20
363942.008942998,559263.64913179,2016-01-20
356573.75156292,573827.692070608,2016-01-20
356264.085490416,570398.698621228,2016-01-20
356264.085490416,570398.698621228,2016-01-20
344533.830457068,586825.602612488,2016-01-20
354773.5576302,580557.023881869,2016-01-20
355034.182042184,567349.470120773,2016-01-20
349985.456206851,577332.634433825,2016-01-20
353796.359695191,580729.627154509,2016-01-20
357202.578152145,565597.191538779,2016-01-20
355233.193754386,594608.730742623,2016-01-20
347988.10949469,589414.933269589,2016-01-20
352314.435224811,567337.82782586,2016-01-20
352792.646866155,567883.157023515,2016-01-20
353752.204069244,577044.815854555,2016-01-21
351690.826414112,585414.632370348,2016-01-21
361153.696005998,561415.92664574,2016-01-21
351485.106713993,568325.464595633,2016-01-21
354023.78240444,594299.943942303,2016-01-21
355119.563561916,564274.61856761,2016-01-21
364094.365991351,565164.663025619,2016-01-21
364094.365991351,565164.663025619,2016-01-21
363616.734258567,566760.003055465,2016-01-21
354546.838354784,558081.057004449,2016-01-21
349885.819326186,569835.151414986,2016-01-21
362281.402430445,569741.186461237,2016-01-21
352693.299726005,564033.199231983,2016-01-21
363792.044012638,565144.522297889,2016-01-21
356623.764371565,586165.438164462,2016-01-21
356009.835122285,576307.217961394,2016-01-21
357097.672866014,577095.709946154,2016-01-21
360313.069559923,572897.733536035,2016-01-21
355921.16962619,568158.083743223,2016-01-21
356231.170389887,589257.940172497,2016-01-21
359673.547384833,567639.269769257,2016-01-21
360609.910540989,571333.18801063,2016-01-21
344611.849003381,567218.643133692,2016-01-21
345595.392023711,585430.795922819,2016-01-21
351572.239124353,572571.644387255,2016-01-21
344416.745046351,584238.729264588,2016-01-21
358305.883573424,557375.112433287,2016-01-21
361177.742305868,560363.704208277,2016-01-21
356007.745269625,565914.182604291,2016-01-21
354548.981946018,581217.867180554,2016-01-21
348512.714142109,582936.9245109,2016-01-21
345351.851708859,584580.741467784,2016-01-21
354489.16996232,594466.679548395,2016-01-21
346118.808524048,585617.667373896,2016-01-21
364625.347382735,563976.262204017,2016-01-21
352915.509846538,569378.555866719,2016-01-21
346092.868859843,586931.957137565,2016-01-21
351539.946662538,590650.896281178,2016-01-22
365077.095317157,554674.595122995,2016-01-22
352130.989600378,567433.010228356,2016-01-22
350466.109097682,569108.145951122,2016-01-22
360440.750627664,572938.912079642,2016-01-22
353274.841463724,567158.983060769,2016-01-22
355068.925468408,566119.932137263,2016-01-22
358215.398975152,565584.368755077,2016-01-22
363046.820235991,566530.471813182,2016-01-22
355567.560008246,581287.725717927,2016-01-22
355649.877195288,563307.166006436,2016-01-22
359261.477765398,563001.818562629,2016-01-22
344574.992084485,567422.56181159,2016-01-22
363148.000743354,566542.360985853,2016-01-22
360713.55229852,554130.20532349,2016-01-22
352483.032286218,568076.698970531,2016-01-22
346606.742447124,582482.552833492,2016-01-22
350206.124203777,578219.224431816,2016-01-22
350082.099238318,563951.807277013,2016-01-22
364472.638843835,563114.604135477,2016-01-22
349345.675162248,585563.692139681,2016-01-22
350375.272269233,575181.655123992,2016-01-22
357887.163150511,566362.556278877,2016-01-22
361159.139910587,561246.140605414,2016-01-22
357503.083016051,584498.449792016,2016-01-22
361091.179102878,570348.047024603,2016-01-22
352101.432477074,559334.416482468,2016-01-22
359527.548508528,558152.440706827,2016-01-22
366309.060044674,560975.725527628,2016-01-22
351684.407708253,589089.32009593,2016-01-22
346701.51831517,586646.025734196,2016-01-23
364536.358784274,562201.693211019,2016-01-23
356595.410606574,586164.545872156,2016-01-23
356487.782334625,586945.674333685,2016-01-23
356563.675738241,586473.86580958,2016-01-23
348927.790527661,582125.922516748,2016-01-23
356696.263832306,569361.125898374,2016-01-23
359250.510497476,568171.465277249,2016-01-23
348766.29934191,587439.200272619,2016-01-23
354894.888043352,565099.164251174,2016-01-23
357240.967492838,585797.161698999,2016-01-23
348841.209514494,570823.254586155,2016-01-23
357321.436403311,568613.806265766,2016-01-23
347135.24645912,580439.160700599,2016-01-23
364090.152168214,565347.233949222,2016-01-23
353488.229225958,571973.282178297,2016-01-23
353586.39354176,568500.96587657,2016-01-23
364944.130563255,562718.88195304,2016-01-23
350185.738795603,573860.320385529,2016-01-23
361627.060410197,570177.705532614,2016-01-23
350620.077518186,583770.563742953,2016-01-23
349249.089676217,587186.834451201,2016-01-23
355566.679175565,584258.23617212,2016-01-23
352845.38250999,565831.807885793,2016-01-23
352192.85221807,579075.780474556,2016-01-23
350270.464819939,574473.820666996,2016-01-23
364095.268590152,559523.044619036,2016-01-23
352763.099372601,568912.475999015,2016-01-23
354721.424687767,582275.190514791,2016-01-23
357647.889357014,585421.342522228,2016-01-23
360966.528138061,564651.708233432,2016-01-24
361627.060410197,570177.705532614,2016-01-24
360340.190154176,573168.655153827,2016-01-24
355803.772084317,568787.511111425,2016-01-24
363391.799011295,566619.493999865,2016-01-24
358449.184686365,564392.56166037,2016-01-24
360193.53679898,559802.888369671,2016-01-24
356471.610485226,570199.069294215,2016-01-24
364866.11062526,562413.161152465,2016-01-24
353033.485264341,578081.75865855,2016-01-24
356538.981627856,585960.93640203,2016-01-24
356132.996385076,564121.32803867,2016-01-24
360497.421415163,561991.382773955,2016-01-24
358081.310487416,559494.1151047,2016-01-24
351699.34229501,585098.905608174,2016-01-24
348157.273580029,585159.004502069,2016-01-24
351849.919393428,568849.033851065,2016-01-24
357306.516577212,572865.407628987,2016-01-24
364042.535147275,565221.958327911,2016-01-24
351770.709161985,581376.950764097,2016-01-24
358298.332356255,566337.46094046,2016-01-24
352537.529358194,578678.000089917,2016-01-24
362219.518807438,566919.099742863,2016-01-24
355389.884673313,586721.097523747,2016-01-24
355633.449266614,563911.609062037,2016-01-24
359067.591447314,556714.685497576,2016-01-25
355395.390273357,586514.759229645,2016-01-25
355395.390273357,586514.759229645,2016-01-25
355369.774096177,581281.852571436,2016-01-25
355854.426568476,584712.461835642,2016-01-25
355047.591874168,570540.72529247,2016-01-25
359646.767480366,563640.362116273,2016-01-25
350898.020508597,566690.826223792,2016-01-25
345346.738428469,586669.241147711,2016-01-25
358541.841464221,575024.303640375,2016-01-25
350586.561367194,578632.890389501,2016-01-25
352590.612797718,572400.023665588,2016-01-25
355414.256301854,580503.111152431,2016-01-25
354286.47279707,589042.978210338,2016-01-25
355050.001907383,581372.676367481,2016-01-25
346128.852384095,586025.154278924,2016-01-25
358934.988929861,568324.805925648,2016-01-25
343901.625713208,588766.582899121,2016-01-25
357958.733312804,560334.168119343,2016-01-25
353797.295232574,580627.777899013,2016-01-25
356241.228470778,574659.237491007,2016-01-25
348419.692001025,589221.370252167,2016-01-25
355389.603031756,586725.316258094,2016-01-25
350092.802656838,577144.784343295,2016-01-25
355222.217202336,594454.801598593,2016-01-25
356726.45545083,569432.119912824,2016-01-25
356879.779261977,562712.260103642,2016-01-25
363076.634770192,565346.557304983,2016-01-25
364612.840268474,564550.744513141,2016-01-25
358782.939786604,558801.295774904,2016-01-25
358557.416374451,557120.361352483,2016-01-25
359857.356992413,568495.528874594,2016-01-25
357682.002040783,574864.347090916,2016-01-25
348947.289479331,578491.705070778,2016-01-25
356263.442724181,566720.918361029,2016-01-25
362271.045850082,566702.617713238,2016-01-25
365435.481328624,562131.543656878,2016-01-26
346806.38463666,567709.724567433,2016-01-26
351704.54303155,593502.886485053,2016-01-26
358320.272310688,580661.612105684,2016-01-26
356301.52726747,574712.251727738,2016-01-26
360903.754992689,572268.282382425,2016-01-26
351821.273832116,569853.037864569,2016-01-26
358438.826948719,557705.30301953,2016-01-26
351445.459947945,578867.521250095,2016-01-26
359435.513402377,570916.558369231,2016-01-26
351714.267104422,568433.97104033,2016-01-26
351667.044763089,568836.935308294,2016-01-26
355641.024200309,571015.612186702,2016-01-26
355630.685797521,571393.295732591,2016-01-26
355850.722465863,559964.439628995,2016-01-26
350631.938768698,576124.379618433,2016-01-26
352388.854099749,564032.630439223,2016-01-26
347243.753875564,567398.824044569,2016-01-26
351309.803669822,577117.452996876,2016-01-26
351190.340673091,563860.349203229,2016-01-26
358024.572175123,565169.178682855,2016-01-26
352695.752129556,585737.133266093,2016-01-26
349569.143585987,579160.228084111,2016-01-26
359849.425824117,566334.166392991,2016-01-26
345762.78370865,582266.70111856,2016-01-26
359247.754808563,568463.791622486,2016-01-26
343033.296591584,586198.007781796,2016-01-26
358902.755702406,556983.792447831,2016-01-26
364819.483619303,564346.234179412,2016-01-26
351155.613808249,570142.028644674,2016-01-26
348743.414722663,578381.4549104,2016-01-26
358910.62420631,555497.926694543,2016-01-26
362406.666654211,566493.53389706,2016-01-26
356530.189986987,589451.479471502,2016-01-26
363893.484317821,565120.102165598,2016-01-27
359115.194122847,580977.739635085,2016-01-27
342489.784154372,589766.329231358,2016-01-27
344803.2317837,584877.052838388,2016-01-27
345004.434733229,585074.48056753,2016-01-27
359511.996573184,568658.257799633,2016-01-27
353371.796889686,590118.379508445,2016-01-27
364099.543551746,564930.228396057,2016-01-27
349752.615567614,578811.512144695,2016-01-27
353663.157257905,587293.777948314,2016-01-27
350821.239000262,587412.948681799,2016-01-27
359118.554685194,568153.489335979,2016-01-27
352253.208199863,577025.339064837,2016-01-27
348871.138605578,586191.321604948,2016-01-27
351872.773494929,571459.420904693,2016-01-27
341607.070985663,586191.292718685,2016-01-27
352035.840297536,569481.502585889,2016-01-27
356893.487895909,587288.586303728,2016-01-27
359118.554685194,568153.489335979,2016-01-27
344777.047448571,585689.61805439,2016-01-27
344529.857342384,583832.128397744,2016-01-27
358797.904900391,559158.8518473,2016-01-27
350297.293210562,564117.702463429,2016-01-27
361196.36215554,567304.03243328,2016-01-27
345944.413500647,585308.639527346,2016-01-27
351770.054628697,571701.704195669,2016-01-27
350751.133957481,579407.694897947,2016-01-27
354975.704242288,573216.841489725,2016-01-27
347381.227785047,584227.760501777,2016-01-28
356381.682253877,569809.487445947,2016-01-28
346518.054824817,585627.155369499,2016-01-28
358954.574839916,564555.98744145,2016-01-28
351108.080491261,569850.677095454,2016-01-28
352572.327094898,568493.990302308,2016-01-28
354448.999070566,575686.991876043,2016-01-28
355271.611907989,566094.948954902,2016-01-28
357913.358947585,582661.451464986,2016-01-28
355224.675835939,564105.820305254,2016-01-28
362406.69572896,566490.201884767,2016-01-28
354117.065293963,583420.095122595,2016-01-28
352984.382501486,593052.694704664,2016-01-28
363502.164303565,564518.809691056,2016-01-28
356889.214298514,565983.339978611,2016-01-28
354334.366851317,576191.730494564,2016-01-28
358757.367974259,560569.816579161,2016-01-28
358456.200222636,578235.701729458,2016-01-28
346494.298505919,580351.974534189,2016-01-28
352533.002390196,587851.266672334,2016-01-28
359857.356992413,568495.528874594,2016-01-28
355323.437107342,566200.314011433,2016-01-28
363796.588813009,564961.287905124,2016-01-28
343719.390621923,586873.194366926,2016-01-28
351916.970983207,570054.553030366,2016-01-28
355029.307625218,567518.26445391,2016-01-28
346241.27461661,567468.020910318,2016-01-28
365182.788871862,554051.650018579,2016-01-28
356160.716628771,566777.980333121,2016-01-28
342450.522507172,585419.541072447,2016-01-28
355709.592784764,568562.851184558,2016-01-28
359471.794726243,557807.984530075,2016-01-28
350897.132290269,591859.992815344,2016-01-28
353770.496103038,565508.815372603,2016-01-28
350443.260953916,588555.671054158,2016-01-28
358046.54698597,576333.505760472,2016-01-28
350794.716745631,591871.921594534,2016-01-28
349337.503080134,588531.57535109,2016-01-28
351808.509384254,579066.64354829,2016-01-29
357432.64636237,561103.222935776,2016-01-29
346816.158021354,588677.01089215,2016-01-29
356946.543180934,563931.154698487,2016-01-29
358164.173409991,575483.622596093,2016-01-29
356021.427118488,564506.544688957,2016-01-29
347163.02980679,579627.394868962,2016-01-29
346520.510345976,584884.3043946,2016-01-29
359035.94470534,568733.839285579,2016-01-29
356816.953689949,564924.788423525,2016-01-29
351723.483845849,581697.948052109,2016-01-29
355301.18649266,559452.355542779,2016-01-29
355301.18649266,559452.355542779,2016-01-29
354978.732115056,568213.307472588,2016-01-29
362416.135155441,567123.637283725,2016-01-29
362976.394951116,567218.74328511,2016-01-29
358230.61641827,557928.642874039,2016-01-29
353544.905260704,568790.223313116,2016-01-29
356426.489119414,587073.148546792,2016-01-29
363796.911599781,564953.071182084,2016-01-29
344223.52951132,584657.829049221,2016-01-29
360895.802356523,564742.520557274,2016-01-29
350808.468513672,580329.690357057,2016-01-29
352019.09669808,570057.295269861,2016-01-29
355386.812654232,587349.21485507,2016-01-29
348056.374397187,584515.864567728,2016-01-29
356735.282331583,574334.255835769,2016-01-29
360504.173429292,564529.711778059,2016-01-29
346270.888195667,583235.99835858,2016-01-29
360609.910540989,571333.18801063,2016-01-29
348541.329118934,581064.514437199,2016-01-29
360589.766188998,567288.536411547,2016-01-29
359096.257436878,569080.447386779,2016-01-29
346509.243525804,578902.00598441,2016-01-29
357414.411918536,558288.601281254,2016-01-29
357870.320472711,580382.692697908,2016-01-29
358449.154653044,559502.10355139,2016-01-29
366289.561254953,554276.267901852,2016-01-29
350382.93989918,575283.675002779,2016-01-29
363761.833275281,566602.12341696,2016-01-29
356478.637091774,564815.035165355,2016-01-29
351236.353371675,563556.563435003,2016-01-29
355634.981239542,586341.573285963,2016-01-29
352994.446909397,592537.259082915,2016-01-29
355844.916499726,585131.258130867,2016-01-29
358225.148386604,558099.650591427,2016-01-29
361547.443057647,567706.028932952,2016-01-29
365035.650039596,564175.250020884,2016-01-29
359284.900327124,567062.002034609,2016-01-29
363387.210932378,565119.486759479,2016-01-29
353035.652196702,577132.306907731,2016-01-30
357852.092003568,567624.076395744,2016-01-30
355828.770157774,570460.594717665,2016-01-30
351128.169087386,576290.422133906,2016-01-30
348166.435469777,584149.173629478,2016-01-30
353135.920149367,575052.959340419,2016-01-30
340966.379869774,589072.603001962,2016-01-30
351415.60719936,575813.204142054,2016-01-30
350194.295955066,588007.968491846,2016-01-30
355087.83345806,586749.962264983,2016-01-30
352824.050474155,580943.609012495,2016-01-30
346652.815294584,583908.048897525,2016-01-30
356918.495933492,570085.654510643,2016-01-30
352488.214819928,576243.545844865,2016-01-30
355837.318426835,565107.900831516,2016-01-30
364084.633626971,565573.334983349,2016-01-30
357499.138444632,573252.499005051,2016-01-30
350405.217626347,584193.678843364,2016-01-30
359863.476366997,568082.49185501,2016-01-30
355377.417070336,583754.138279542,2016-01-31
359723.530789801,563084.409444143,2016-01-31
357326.917146262,557850.941784665,2016-01-31
352092.291670194,571120.800831778,2016-01-31
353839.97430952,566664.275300858,2016-01-31
353839.97430952,566664.275300858,2016-01-31
350751.133957481,579407.694897947,2016-01-31
349675.143275918,581551.289683873,2016-01-31
361742.55527763,566986.720361734,2016-01-31
352287.898864469,592491.583470806,2016-01-31
359878.367728327,567446.04572878,2016-01-31
350583.793402058,578531.681951175,2016-01-31
366217.973152565,559935.437068228,2016-01-31
359249.895433368,568075.158253598,2016-01-31
351339.114371386,566601.789028787,2016-01-31
356701.159300373,569173.671213869,2016-01-31
351523.468024974,565816.277530862,2016-01-31
355120.155044998,571605.376242706,2016-01-31
356033.591387425,570466.086136501,2016-01-31
353294.373322958,575321.831081687,2016-01-31
351422.279245634,565790.447060932,2016-01-31
351523.483224576,565814.167264958,2016-01-31
351415.60719936,575813.204142054,2016-01-31
348442.889926912,581518.693433061,2016-01-31
351523.535983028,565818.388395739,2016-01-31
358036.20551361,564452.623901259,2016-01-31
360275.516771554,562592.755515262,2016-01-31
355792.548452164,583517.901080032,2016-01-31
358753.632068681,566832.246849356,2016-01-31
